Date,News
20 Jul 2011,business/macro-economic-environment-continues-to-be-volatile-premji
20 Jul 2011,results-boardroom/see-margin-around-12-ahead-wipro-consumer-carelighting
20 Jul 2011,results-boardroom/wipro-q1-passes-street-test-management-sees-steady-growth
20 Jul 2011,stocks-views/prefer-tcs-to-wipro-jitendra-sriram
20 Jul 2011,stocks-views/sell-wipro-says-shardul-kulkarni
20 Jul 2011,stocks-views/wipro-looks-weak-shardul-kulkarni
21 Jul 2011,accumulate-wipro-targetrs-419-angel-broking
21 Jul 2011,business/macquarie-cuts-wipro-to-neutral
21 Jul 2011,buy-wipro-targetrs-466-motilal-oswal
21 Jul 2011,check-out-brokerage-callswipro-hdfc-dr-reddys
21 Jul 2011,hold-wipro-targetrs-441-krchoksey
21 Jul 2011,stocks-views/sell-wipro-says-devang-mehta
22 Jul 2011,accumulate-wipro-targetrs-490-plilladher
22 Jul 2011,buy-wipro-targetrs-480-pinc-research
23 Jul 2011,business/the-week-that-was-ril-bp-deal-okayed-cg-punished
23 Jul 2011,hold-wipro-targetrs-441-krchoksey
27 Jul 2011,business/tcs-wiprorace-for-tirupati-temple-project
02 Aug 2011,business/top-200-it-cosindia-log-revenue3684bnfy11
02 Aug 2011,business/top-200-it-cosindia-log-revenues3684-bnfy11
03 Aug 2011,business/us-debt-deal-to-have-positive-impactindian-it-wipro
08 Aug 2011,business/indian-it-cos-warynot-pressing-panic-button-yet
08 Aug 2011,business/us-downgrade-may-not-hit-indian-itnear-term-nasscom
18 Aug 2011,stocks-views/buy-it-stockslong-term-perspective-mehta
19 Aug 2011,business/wcclg-to-tap-infrastructure-lighting-space
22 Aug 2011,emkays-viewinfosys-tcs-wipro-hcl-tech
23 Aug 2011,stocks-views/bulls-eye-12-stocks-you-can-betfor-intraday
24 Aug 2011,business/bpo-biz-as-usual-despite-global-crisis-tcs
24 Aug 2011,stocks-views/bulls-eye-12-intraday-picks-forday
24 Aug 2011,stocks-views/go-longwipro-says-ashish-kapur
26 Aug 2011,business/wipro-setsfirst-rural-bpo-centretamil-nadu
02 Sep 2011,stocks-views/buy-wipro-at-rs-335-says-hemen-kapadia
02 Sep 2011,stocks-views/buy-wipro-says-sanjeev-agarwal
02 Sep 2011,stocks-views/super-six-intraday-picks-forday
05 Sep 2011,business/adequately-hedged-for-restthe-fiscal-says-tcs
05 Sep 2011,stocks-views/tcs-best-pickit-space-bandyopadhyay
08 Sep 2011,stocks-views/buy-wipro-says-kalpesh-gohel
12 Sep 2011,business/it-sector-may-clock-16-18-growthfy12-wipro
13 Sep 2011,stocks-views/buy-it-stocks-says-pn-vijay
13 Sep 2011,stocks-views/hold-short-positionsinfosys-tcs-wipro-bhamre
07 Oct 2011,brokerage-results-estimates/wipro-sept-qtr-pat-seen-down-25-at-rs-1301-cr-pinc
07 Oct 2011,stocks-views/hcl-technologies-can-test-rs-420-manghnani
08 Oct 2011,business/it-sector-currency-tailwinds-set-to-boost-q2-earnings
08 Oct 2011,result-analysis/it-sector-currency-tailwinds-set-to-boost-q2-earnings
10 Oct 2011,stocks-views/see-more-upsideinfosys-aditya-agarwal
11 Oct 2011,brokerage-results-estimates/infosys-may-cut-36-revenue-growth-guidance-for-fy12-kotak
11 Oct 2011,brokerage-results-estimates/wipro-sept-qtr-pat-seen-down-14-at-rs-1316-cr
11 Oct 2011,stocks-views/prabhudas-lilladher-underweightit-sector
12 Oct 2011,business/it-cos-record-19-revenue-growth-to-rs-438296-crfy11
12 Oct 2011,stocks-views/tcs-may-move-upto-rs-1200-pn-vijay
15 Oct 2011,result-analysis/will-tcs-follow-infosys-footstepspleasestreet
18 Oct 2011,result-analysis/all-okaytcs-results-onlyquarterly-issue-antique
18 Oct 2011,stocks-views/avoid-wipro-hcl-tech-sandeep-bhatia
31 Oct 2011,results-boardroom/no-pricing-pressure-attrition-to-declineq3-wipro-
31 Oct 2011,wipro-q2-beats-street-sees-q3-it-revenue20-41-qoq
01 Nov 2011,stocks-views/stay-investedwipro-jagannadham-thunuguntla
01 Nov 2011,stocks-views/wipro-hcl-tech-will-outperform-sukhani
02 Nov 2011,result-analysis/cognizant-beats-wipro-again-revenueat-3616bnq3
03 Nov 2011,buy-wipro-target-rs-495-arihant-capital-markets
03 Nov 2011,hold-wipro-target-rs-378-krchoksey
03 Nov 2011,reduce-wipro-target-rs-360-emkay
14 Nov 2011,stocks-views/6-trading-stocks-for-short-term-gain
14 Nov 2011,stocks-views/wipro-can-touch-rs-430-rakesh-bansal
18 Nov 2011,stocks-views/sell-wipro-says-sudarshan-sukhani
30 Nov 2011,buy-hcl-tech-hold-wipro-bp-equities
05 Dec 2011,stocks-views/wipro-top-pickit-space-says-sukhani
07 Dec 2011,stocks-views/wiprotop-pickit-space-mehta
08 Dec 2011,stocks-views/buy-wipro-infosysdips-says-sukhani
09 Dec 2011,stocks-views/buy-wiprodips-anil-manghnani
12 Dec 2011,stocks-views/hold-tcs-for-long-term-lkp
12 Dec 2011,stocks-views/super-six-top-chart-picks-for-today
13 Dec 2011,stocks-views/buying-opportunity-seenwipro-sukhani
13 Dec 2011,stocks-views/wiprotop-pick-siddharth-bhamre
15 Dec 2011,stocks-views/bulls-eye-buy-kingfisher-wipro-sell-sail-dish-tv
23 Dec 2011,business/wipro-ready-to-settraffic-watch-systemhyderabad
23 Dec 2011,stocks-views/havells-india-may-slip-further-says-sukhani
23 Dec 2011,stocks-views/tcs-infosys-top-picksit-space-says-devang-mehta
29 Dec 2011,stocks-views/pradhan-bullishtcs-infosys
29 Dec 2011,stocks-views/super-six-stocks-you-can-betdec-29
30 Dec 2011,stocks-views/infosys-tcs-wipro-top-it-picks-for-2012-sukhani
02 Jan 2012,stocks-views/hdfc-bank-may-slip-further-to-rs-410-says-sukhani
02 Jan 2012,stocks-views/it-space-may-outperform-says-mahadevan
03 Jan 2012,stocks-views/super-six-stocks-you-can-betjan-03
04 Jan 2012,stocks-views/trading-opportunities-seentata-chem-lt-bhatnagar
04 Jan 2012,stocks-views/wipro-to-outperform-among-tier-i-it-stocks-mehta
05 Jan 2012,brokerage-results-estimates/it-sector-results-preview-for-q3fy12-angel
06 Jan 2012,result-analysis/weak-demand-to-offset-rupee-decline-gains-for-it-cosq3
06 Jan 2012,stocks-views/hcl-techbest-betit-space-says-mukherjea
06 Jan 2012,stocks-views/super-six-stocks-you-can-betjan-06
10 Jan 2012,brokerage-results-estimates/it-sector-results-preview-for-q3fy12-plilladher
10 Jan 2012,brokerage-results-estimates/technology-sector-results-preview-for-q3fy12-motilal-oswal
10 Jan 2012,stocks-views/tcs-has-resistance-at-rs-1200-1230-shruti-vora
11 Jan 2012,brokerage-results-estimates/infosys-q3-results-what-you-can-expect-fromit-major
12 Jan 2012,result-analysis/wont-scale-down-fy13-eps-estimate-for-infosys-antique
16 Jan 2012,stocks-views/go-longwipro-says-anu-jain
17 Jan 2012,result-analysis/expect-tcs-to-post-4-volume-growth-prabhudas-lilladher
19 Jan 2012,result-poll/wipro-revenues-seen2-at-3615bn-volumes6
20 Jan 2012,results-boardroom/expect-to-outperform-industry-ahead-wipro-consumer
20 Jan 2012,results-boardroom/wipro-says-q4-growth-likely-to-be-volume-driven
20 Jan 2012,wipro-q3-nethigher-than-expected-10-yoy-stock3
21 Jan 2012,accumulate-wipro-targetrs-460-arihant-capital-markets
21 Jan 2012,hold-wipro-targetrs-441-r-k-global
23 Jan 2012,10-stocks-you-should-keepeyepost-q3-results-emkay
24 Jan 2012,reduce-wipro-targetrs-400-emkay
24 Jan 2012,reduce-wipro-targetrs-420-pinc-research
27 Jan 2012,business/wipro-hopefuloutperforming-peersfy13-azim-premji
27 Jan 2012,buy-wipro-targetrs-465-fifl
28 Jan 2012,angel-broking-neutralwipro
30 Jan 2012,hold-wipro-target-rs-424-krchoksey
02 Feb 2012,hold-wipro-targetrs-439-bp-equities
07 Feb 2012,buy-wipro-targetrs-490-firstcall-research
09 Feb 2012,business/wipro-to-relaunch-brand-santoor
17 Feb 2012,fo-check-5-stocks-likely-to-surgeshort-covering
20 Feb 2012,hold-wipro-target-rs-461-r-k-global
28 Feb 2012,stocks-views/super-six-stocks-you-can-betfeb-28
29 Feb 2012,stocks-views/anil-manghnani`s-viewit-space
07 Mar 2012,stocks-views/wipro-can-test-rs-455-460-shardul-kulkarni
12 Mar 2012,business/azim-premji-trust-to-sell-35m-wipro-shares
13 Mar 2012,stocks-views/6-trading-stocks-for-short-term-gain
13 Mar 2012,stocks-views/hold-wipro-says-sukhani
14 Mar 2012,business/wipro-auction-floor-price-at-rs-418-per-share
23 Mar 2012,business/as-us-election-looms-indian-it-seeks-image-makeover
23 Mar 2012,stocks-views/super-six-top-chart-picks-for-march-23
02 Apr 2012,stocks-views/wiprooutperformer-sukhani
04 Apr 2012,brokerage-results-estimates/emkay-expectssubdued-quarterit-sector
10 Apr 2012,result-analysis/it-cos-to-report-muted-growthjan-mar-fy13-outlook-key
12 Apr 2012,brokerage-results-estimates/expects-it-sector-guidance-outlook-to-be-soft-p-lilladher
12 Apr 2012,brokerage-results-estimates/infosys-vs-tcs-pick-wipro-says-iifl
12 Apr 2012,business/infosys-tcs-to-feelheatcompetition-us-election
13 Apr 2012,result-analysis/infys-fy13-eps-target-at-rs-165-166-nirmal-bang
16 Apr 2012,stocks-views/super-six-stocks-you-can-betapril-16
17 Apr 2012,stocks-views/buy-wipro-says-siddharth-bhamre
20 Apr 2012,stocks-views/buy-wipro-420-put-says-vk-sharma
24 Apr 2012,result-analysis/key-things-to-watch-out-forwipro-q4-earnings
24 Apr 2012,result-poll/wipro-q4-consolidated-pat-seen1-at-rs-1471-cr
25 Apr 2012,results-boardroom/aim-to-grow-higher-than-industry-averagefy13-wipro-ceo
25 Apr 2012,results-boardroom/plan-to-outperform-industry-growth-ahead-wipro-consumer
25 Apr 2012,results-cnbc-tv18-reports/wipro-q4-cons-revenues-likely-to-grow-27-to-rs-10157-cr
25 Apr 2012,stocks-views/short-wipro-says-sudarshan-sukhani
25 Apr 2012,wipro-q4-net77-yoy-stock-tanksmuted-guidance
25 Apr 2012,wipro-q4-profit77-pct-meets-forecast
26 Apr 2012,accumulate-wipro-targetrs-470-dolat-capital
26 Apr 2012,business/indian-itsee-saw-tcs-hcl-tech-leadq4
26 Apr 2012,buy-wipro-targetrs-490-motilal-oswal
26 Apr 2012,stocks-views/wiprotop-pickit-space-bhamre
27 Apr 2012,sell-wipro-targetrs-400-emkay
28 Apr 2012,angel-broking-neutralwipro
30 Apr 2012,business/wipro-consumer-care-to-launch-glucose-tablets
30 Apr 2012,hold-wipro-targetrs-461-r-k-global
03 May 2012,stocks-views/prefer-wipro-hcl-tech-rajat-rajgarhia
04 May 2012,stocks-views/bulls-eye-buy-sonata-software-wipro-irb-infra
19 May 2012,buy-wipro-targetrs-456-firstcall-research
22 May 2012,stocks-views/super-six-intraday-picks-for-may-22
23 May 2012,stocks-views/buy-wiprodecline-says-sukhani
30 May 2012,stocks-views/super-six-intraday-picks-for-may-30
08 Jun 2012,stocks-views/wipro-looks-attractive-says-sudarshan-sukhani
12 Jun 2012,sell-wipro-future-targetrs-386-iifl
12 Jun 2012,stocks-views/houseviews-get-brokerage-advice9-stocks
13 Jun 2012,accumulate-wipro-targetrs-460-plilladher
13 Jun 2012,accumulate-wipro-targetrs-465-dolat-capital
13 Jun 2012,business/wipro-tie-upkony-solutions-for-application-technology
14 Jun 2012,announcements/australia-based-mmg-selects-wipro-as-strategic-partner
14 Jun 2012,business/wipro-gets-orderminmetals-unit
14 Jun 2012,business/wipro-wins-it-services-contractaustralian-miner-mmg
14 Jun 2012,buy-wipro-targetrs-452-angel-broking
14 Jun 2012,buy-wipro-targetrs-490-motilal-oswal
17 Jun 2012,business/infy-wipro-hcl-tech-cautiously-optimistic-about-euro-biz
19 Jun 2012,business/advance-tax-collectionq15-at-rs-33089cr
04 Jul 2012,result-analysis/slow-ramp-ups-macro-worries-to-weighit-cos-q1-earnings
05 Jul 2012,stocks-views/check-out-short-term-picks-for-july-5
07 Jul 2012,brokerage-results-estimates/angel-expects-healthy-quarter-for-it-modest-volume-growth
07 Jul 2012,brokerage-results-estimates/emkay-expects-subdued-quartertier-i-it-companies
09 Jul 2012,brokerage-results-estimates/it-likley-to-post-modest-volume-growth-dolat
09 Jul 2012,brokerage-results-estimates/it-q1fy13-results-estimates-motilal-oswal
09 Jul 2012,brokerage-results-estimates/it-tier-1-to-deliver-1-4-volume-growth-p-lilladher
10 Jul 2012,announcements/wipro-q1-resultsjuly-24-2012
11 Jul 2012,announcements/wipro-to-allot-30667-equity-sharesrs-2
11 Jul 2012,stocks-views/anand-tandon`s-viewwipro
11 Jul 2012,stocks-views/short-wipro-says-sukhani
11 Jul 2012,stocks-views/short-wiproevery-rally-says-sukhani
11 Jul 2012,stocks-views/wipro-can-go-upto-rs-440-450-rajesh-agarwal
11 Jul 2012,stocks-views/wipro-may-slips-to-rs-360-says-kulkarni
12 Jul 2012,business/changeguardit-biz-tcs-is-new-bellwether-experts
12 Jul 2012,infosys-q1-profit-rises-33-meets-forecast
12 Jul 2012,stocks-views/more-downside-likely-to-happenit-space-says-sukhani
13 Jul 2012,business/12-indian-outsourcing-cos-among-top-global-100
13 Jul 2012,result-analysis/expect-infosys-to-bounce-backfy14-antique-broking
13 Jul 2012,stocks-views/below-rs-2200-infosys-may-slip-to-rs-2000-manghnani
15 Jul 2012,business/govts-proposed-rti-project-draws-interestit-firms
17 Jul 2012,announcements/wipro-allots-267010-equity-shares
17 Jul 2012,announcements/wipro-allots-267010-equity-shares
17 Jul 2012,stocks-views/buy-hcl-techdips-pn-vijay
18 Jul 2012,business/foreign-investment-by-indian-cos-at-36353bnjun
18 Jul 2012,stocks-views/super-six-top-chart-picks-for-july-18
20 Jul 2012,business/wipro-employees-roughedby-company-hired-drivers
24 Jul 2012,business/pm-should-be-given-fair-chancereforms-roll-out-premji
24 Jul 2012,business/wipro-cognizant-bag-multi-year-dealphilips
24 Jul 2012,business/wipro-consumer-care-acquires-yardley-businessuk
24 Jul 2012,result-analysis/to-cut-wipro-estimates-due-to-weak-guidance-angel-broking
24 Jul 2012,results-boardroom/dont-expectprice-hike-this-quarter-says-wipro-consumer
24 Jul 2012,results-boardroom/wipro-says-market-share-gains-likely12-18-months
24 Jul 2012,stocks-views/sukhanis-viewwipro-itc-idea-cellular
24 Jul 2012,wipro-forecasts-flat-q2-growth-after-in-line-apr-june
24 Jul 2012,wipros-quarterly-profit-rises-18-meets-forecast
26 Jul 2012,buy-wipro-target-rs-395-r-k-global
26 Jul 2012,result-analysis/hcl-tech-remains-top-picktargetrs-630-nomura
27 Jul 2012,announcements/wipro-allots-107527-equity-shares-to-jp-morgan-chase-bank
27 Jul 2012,sell-wipro-targetrs-321-nirmal-bang
06 Aug 2012,announcements/wipro-allots-153034-equity-shares
07 Aug 2012,stocks-views/6-stock-ideas-to-livenyour-trade
21 Aug 2012,announcements/wipro-allots-69751-shares-to-jp-morgan-chase-bank
24 Aug 2012,stocks-views/tcs-has-targetrs-1370-1400-manghnani
27 Aug 2012,business/wipro-to-expand-existing-facility-at-salt-lake-premji
29 Aug 2012,stocks-views/hsbc-upgrades-wipro-to-overweightneutral
30 Aug 2012,announcements/wipro-allots-36996-equity-shares-to-jp-morgan-chase-bank
30 Aug 2012,stocks-views/buying-opportunity-seentata-motors-wipro-sukhani
30 Aug 2012,stocks-views/wipro-can-touch-rs-385-390the-higher-side-agarwal
30 Aug 2012,stocks-views/wipro-can-touch-rs-390-hemant-thukral
31 Aug 2012,stocks-views/go-longwipro-says-sudarshan-sukhani
04 Sep 2012,business/infosys-open-to-acquisitions-exceeding-10its-revenue
05 Sep 2012,business/wipro-appoints-shaji-farooq-as-senior-vice-president
05 Sep 2012,stocks-views/wipro-looks-weak-says-anil-manghnani
06 Sep 2012,stocks-views/wipro-looks-attractive-says-sukhani
10 Sep 2012,business/wipro-keen-to-tap-omani-it-market-says-azim-premji
11 Sep 2012,stocks-views/check-out-super-six-stocks-for-sept-11
13 Sep 2012,stocks-views/super-six-stocks-you-can-betsept-13
21 Sep 2012,stocks-views/go-longicici-bank-says-sudarshan-sukhani
28 Sep 2012,stocks-views/tcs-wipro-ambuja-cement-top-picks-sukhani
04 Oct 2012,brokerage-results-estimates/q2fy13-it-firms-to-post-muted-results-says-emkay-global
04 Oct 2012,stocks-views/hsbc-downgrades-tcs-hcl-tech-to-neutral
04 Oct 2012,stocks-views/see-lower-levelswipro-says-jai-bala
05 Oct 2012,brokerage-results-estimates/macro-woes-margin-pressure-to-drag-it-firms-q2-earnings
09 Oct 2012,brokerage-results-estimates/angel-expects-tcshcl-tech-to-lead-growthtier-i-it-pack
09 Oct 2012,brokerage-results-estimates/emkay-expects-inline-q2-qtrtier-i-it-services
09 Oct 2012,brokerage-results-estimates/it-sector-q2-results-preview-dolat-capital
09 Oct 2012,stocks-views/waryit-sector-betlt-hdilcable-tv-cos-tulsian
11 Oct 2012,announcements/wipro-to-allot-63114-equity-shares-under-restricted-stock-unit-plan-20052007
12 Oct 2012,business/tcs-hcl-tech-wipro-open-lower-post-infosys-results
12 Oct 2012,result-analysis/need-stabilitymanagement-sideinfy-biz-moshe-katri
16 Oct 2012,stocks-views/ril-to-be-rangebound-pick-indusind-bank-sanju-verma
19 Oct 2012,brokerage-results-estimates/tcs-wipro-mindtree-who-will-stealshowq2
22 Oct 2012,stocks-views/antiques-viewit-sector-post-q2-earnings
29 Oct 2012,business/wipro3-after-credit-suisse-upgrades-to-outperform
29 Oct 2012,stocks-views/credit-suisse-upgrades-wipro-aheadq2-earnings
03 Nov 2012,accumulate-wipro-target-rs-390-dolat-capital
05 Nov 2012,buy-wipro-targetrs-403-firstcall-research
05 Nov 2012,hold-wipro-targetrs-378-krchoksey
05 Nov 2012,reduce-wipro-targetrs-360-emkay
06 Nov 2012,business/wipro-to-focusbanksemerging-markets
07 Nov 2012,buy-wipro-targetrs-405-spa-research
07 Nov 2012,stocks-views/six-intraday-trading-picks-for-november-7
08 Nov 2012,buy-wipro-targetrs-440-prabhudas-lilladher
08 Nov 2012,stocks-views/buy-tata-motors-infosys-tcs-sukhani
10 Nov 2012,buy-wipro-target-rs-421-angel-broking
19 Nov 2012,stocks-views/check-out-prabhudas-lilladhers-largecapmidcap-picks
20 Nov 2012,buy-wipro-targetrs-413-r-k-global
21 Nov 2012,business/see-it-sector-growth-closer-to-11fy13-nasscom
21 Nov 2012,stocks-views/buy-wipro-at-lower-levels-amit-gupta
24 Nov 2012,business/no-acquisition-planschina-positiveeurope-ops-tcs
07 Dec 2012,brokerage-results-estimates/infosys-may-lower-fy13-dollar-guidance
07 Dec 2012,stocks-views/mohindar-not-upbeatjp-associates
08 Dec 2012,business/wipro-to-acquire-singapores-ld-waxsons-gr-for-usd-144m
10 Dec 2012,announcements/wipro-acquires-ldwaxsonskincare-brands-bio-essenceginvera
10 Dec 2012,announcements/wipro-divests-sunflower-brand-vanaspati-to-cargill
10 Dec 2012,business/wipro-shares-gainacquisition-order-win-report
10 Dec 2012,business/wipropact-to-acquire-singapore-company-stock2
11 Dec 2012,announcements/sebi-approves-wipros-proposal-for-minimum-public-shareholding-requirement
11 Dec 2012,hold-wipro-targetrs-432-sushil-finance
11 Dec 2012,stocks-views/exit-bajaj-auto-sukhani
15 Dec 2012,business/azim-premji-other-wipro-officials-callj-jayalalithaa
15 Dec 2012,business/chinas-software-industry-revenue-touches-usd-311-billion
18 Dec 2012,announcements/wipro-court-convened-meetingdec-28-2012
20 Dec 2012,stocks-views/super-six-stocks-ideas-for-december-20
21 Dec 2012,stocks-views/short-term-traders-don’t-buy-infosys-tcs-wipro-sukhani
24 Dec 2012,business/scam-to-make-2013promising-year-for-it-bpo-sector
26 Dec 2012,announcements/wipro-allots-38663-shares-to-jp-morgan-chase-bank
28 Dec 2012,stocks-views/buying-opportunities-seeninfosys-wipro-sukhani
29 Dec 2012,business/mid-tier-it-firms-outperform-big-boys2012
31 Dec 2012,business/wipro-shareholders-gives-demerger-nod-sharesover-1
31 Dec 2012,business/wipro-top-gainerschemearrangement-approval
31 Dec 2012,stocks-views/buy-gmr-infrastructure-20-call-vk-sharma
31 Dec 2012,stocks-views/buy-wipro-bharti-airtel-sukhani
31 Dec 2012,stocks-views/wipro-looks-goodit-space-may-rally-to-rs-420-bothra
05 Dec 2013,announcements/wipro-will-discontinue-manufacturingdesktops-laptops
05 Dec 2013,stocks-views/prefer-it-pharma-stocks-dilip-bhat
10 Dec 2013,stocks-views/buy-wipro-at-current-levels-navneet-daga
10 Dec 2013,stocks-views/rahul-chadha-overweightit-space
11 Dec 2013,stocks-views/super-six-top-chart-picks-for-december-11
13 Dec 2013,business/sp-ups-tcs-infosys-wipro-credit-rating-to-abbb+
15 Dec 2013,business/five-blue-chip-firms-lose-rs-22582crvalue-led-by-ongc
16 Dec 2013,stocks-views/buy-wipro-says-ashish-chaturmohta
16 Dec 2013,stocks-views/wipro-may-test-rs-545-pritesh-mehta
17 Dec 2013,stocks-views/super-six-top-chart-picks-for-today
18 Dec 2013,stocks-views/wipro-may-test-rs-550-560-says-mayuresh-joshi
19 Dec 2013,stocks-views/dilip-bhat-upbeatwipro
20 Dec 2013,business/will-balas-exit-hamper-murthys-revival-plan-for-infosys
20 Dec 2013,stocks-views/go-longwipro-advises-navneet-daga
20 Dec 2013,stocks-views/hold-glenmark-cipla-prefer-hcl-tech-kpit-deven-choksey
20 Dec 2013,stocks-views/sell-wipro-advises-ankur-rudra
26 Dec 2013,stocks-views/investwipro-says-dilip-bhat
30 Dec 2013,buy-wipro-targetrs-640-icicidirectcom
30 Dec 2013,stocks-views/expect-wipro-to-touch-rs-700-jagannadham-thunuguntla
31 Dec 2013,stocks-views/super-six-buysell-call-for-december-31
16 Sep 2014,stocks-views/accumulate-wipro-infosys-phani-sekhar
22 Sep 2014,stocks-views/buy-wiprodips-says-sudarshan-sukhani
23 Sep 2014,business/how-euro-depreciation-impacts-indian-companies
23 Sep 2014,stocks-views/book-some-profitwipro-meghana-malkan
24 Sep 2014,stocks-views/buy-wipro-geometric-sudarshan-sukhani
25 Sep 2014,business/forbes-india-rich-list-mukesh-ambani-tops-adani-moves-up
25 Sep 2014,stocks-views/wipro-may-test-rs-610-620-hemant-thukral
29 Sep 2014,stocks-views/infosys-wipro-top-picks-parag-thakkar
01 Oct 2014,stocks-views/buy-ashok-leyland-wipro-pankaj-jain
01 Oct 2014,stocks-views/buy-wipro-600-call-advises-vk-sharma
07 Oct 2014,announcements/wipro-q2-resultsoct-22-2014
07 Oct 2014,announcements/wipro-updatesoutcomeagm
07 Oct 2014,stocks-views/checkout-what-is-anand-rathi-recommending-now
07 Oct 2014,stocks-views/prefer-wipro-persistent-systems-devang-mehta
08 Oct 2014,business/us-may-release-tech-contract-worth-usd-12-billion-sources
09 Oct 2014,stocks-views/add-it-stocksportfolio-dilip-bhat
14 Oct 2014,stocks-views/go-longwipro-says-amit-harchekar
21 Oct 2014,result-poll/wipro-may-report-25-growthq2-dollar-revenue-poll
22 Oct 2014,result-analysis/heres-how-experts-read-wipros-q2fy15-earnings
22 Oct 2014,results-boardroom/deal-pipeline-looks-steadymarginal-progress-wipro
22 Oct 2014,stocks-views/prefer-axis-bank-wipro-divis-labs-phani-sekhar
22 Oct 2014,wipro-q2-net-slips-1-sees-q3-revenue-at-36181-184-bn
27 Oct 2014,result-analysis/should-you-buy-wipro-despite-weak-q2-revenue-growth
27 Oct 2014,stocks-views/prefer-infosys-buy-wiprodips-ajay-bodke
28 Oct 2014,buy-wipro-targetrs-650-plilladher
28 Oct 2014,stocks-views/go-longwipro-says-siddharth-bhamre
29 Oct 2014,stocks-views/hold-wipro-advises-sudarshan-sukhani
30 Oct 2014,reduce-wipro-targetrs-550-dolat-capital
30 Oct 2014,stocks-views/avoid-midcap-space-siddharth-bhamre
31 Oct 2014,buy-wipro-targetrs-610-firstcall-research
03 Nov 2014,business/accelerate-india-technology-for-growth
04 Nov 2014,business/banks-fis-to-spend-rs-46900-crit2014-gartner
04 Nov 2014,buy-wipro-targetrs-610-icicidirect
05 Nov 2014,hold-wipro-targetrs-630-emkay
10 Nov 2014,result-analysis/heresjm-fin-is-recommendingit-space-now
13 Nov 2014,business/wipro-bags-36143-mn-outsourcing-deallevi-strauss
14 Nov 2014,stocks-views/buy-bharti-airteldips-siddarth-bhamre
19 Nov 2014,stocks-views/prefer-hcl-tech-tcs-mindtree-hexaware-sudarshan-sukhani
19 Nov 2014,stocks-views/super-six-stocks-you-can-betnovember-19
20 Nov 2014,stocks-views/prefer-wipro-sudarshan-sukhani
24 Nov 2014,stocks-views/wipro-may-test-rs-600-says-pritesh-mehta
26 Nov 2014,business/software-sector-is-largest-creatorjobs-narayana-murthy
01 Dec 2014,stocks-views/buy-infosys-says-gaurav-bissa
03 Dec 2014,stocks-views/infosys-wipro-top-picks-phani-sekhar
04 Dec 2014,stocks-views/go-longwipro-says-gaurav-bissa
08 Dec 2014,stocks-views/sell-wipro-tech-mahindra-kunal-saraogi
12 Dec 2014,business/wipro-inc-benefit-trust-sells-shares-worth-over-rs-100-cr
12 Dec 2014,stocks-views/heretop-10-stocks-to-focusdecember-12
12 Dec 2014,stocks-views/stay-investedit-space-lalit-nambiar
17 Dec 2014,stocks-views/pick-wipro-says-amit-gupta
18 Dec 2014,stocks-views/sashi-krishnan-positiveit-space
19 Dec 2014,business/vistara-to-launch-operationsjanuary-9
19 Dec 2014,stocks-views/buy-indusind-bank-canara-bank-sell-wipro-rahul-mohindar
22 Dec 2014,accumulate-wipro-targetrs-620-p-lilladher
23 Dec 2014,business/ubs-goldman-jpm-may-drop-discretionary-it-spend2015
23 Dec 2014,stocks-views/buy-it-stocksdeclines-sandeep-shenoy
24 Dec 2014,stocks-views/prefer-it-stocks-says-ajay-bagga
26 Dec 2014,stocks-views/prefer-pharma-underweightit-dipan-mehta
29 Dec 2014,stocks-views/buy-it-stocks-says-sukhani
31 Dec 2014,5-stocks-you-should-pick-for-2015-religare-retail
07 May 2015,buy-wipro-targetrs-753-angel-broking
07 May 2015,stocks-views/sell-wipro-may-slip-to-rs-500-sahil-kapoor
14 May 2015,stocks-views/buy-mindtree-wipro-manoj-murlidharan
18 May 2015,stocks-views/buy-wipro-advises-sudarshan-sukhani
19 May 2015,business/wipro-aims-361-bn-revenuedigital-business3-yrs
19 May 2015,stocks-views/wipro-may-move-to-rs-580-600-rahul-mohindar
26 May 2015,stocks-views/buy-maruti-suzuki-jubilant-food-wipro-rahul-mohindar
02 Jun 2015,stocks-views/buy-it-stocks-parag-thakkar
03 Jun 2015,business/wipro-hikes-employee-wages-by-7
03 Jun 2015,stocks-views/go-longtcs-infosys-wipro-tech-mahindra-sukhani
08 Jun 2015,business/tcs-ceo-n-chandrasekarans-salary14-to-rs-212-cr
11 Jun 2015,business/indian-cos-invested-15-lessforeign-venturesmay
11 Jun 2015,business/wipro-to-implement-help-desk-mgmt-solution-for-nexenta
15 Jun 2015,business/wipro-bags-contractt-mobile-poland
18 Jun 2015,business/it-majors-battlestart-ups-to-attract-young-talent
23 Jun 2015,business/stable-cotton-prices-will-aid-exports-indo-count-ind
25 Jun 2015,stocks-views/go-longhcl-tech-ts-harihar
27 Jun 2015,stocks-views/it-space-looks-positive-says-jai-bala
29 Jun 2015,business/digitalway-forward-premjiwipro’s-annual-report
29 Jun 2015,stocks-views/hcl-tech-top-pick-hold-mindtree-centrum-broking
01 Jul 2015,announcements/wipros-agmjuly-22-2015
07 Jul 2015,brokerage-results-estimates/q1fy16-curtain-raiser-dollar-revenue-to-pinch-it-cos-again
07 Jul 2015,stocks-views/go-longwipro-target-rs-574-siddarth-bhamre
07 Jul 2015,stocks-views/wipro-good-buyit-space-says-siddarth-bhamre
08 Jul 2015,announcements/wipro-q1-resultsjuly-23-2015
08 Jul 2015,brokerage-results-estimates/q1-earnings-to-be-tepid-analysts-pick-bestworst-sectors
08 Jul 2015,business/india-it-outsourcing-firms-seek-booster-shotobamacare
09 Jul 2015,business/wipro-to-acquire-denmark-based-designit-for-85-mn-euros
10 Jul 2015,accumulate-wipro-targetrs-680-p-lilladher
11 Jul 2015,stocks-views/buy-wipro-says-siddarth-bhamre
13 Jul 2015,stocks-views/buy-infosys-pick-wipro-hcl-tech-harendra-kumar
14 Jul 2015,stocks-views/go-longtech-mahindra-advises-siddarth-bhamre
16 Jul 2015,stocks-views/go-longwipro-futures-says-gaurav-bissa
18 Jul 2015,business/microsoft-tcs-3-other-it-firms-bid-to-build-gst-network
22 Jul 2015,business/growth-still-not-feltground-govt-needs-time-premji
22 Jul 2015,business/odds-stacked-against-sikkaco-says-ex-infosys-cfo-bala
22 Jul 2015,result-poll/wipro-may-meet-q1-guidance-revenue-seen07-poll
23 Jul 2015,brokerage-results-estimates/wipro-apr-jun-pat-may-slip-25-at-rs-22156cr-indianivesh
23 Jul 2015,business/tcs-cognizant-infy-top-employersfy15-nasscom
23 Jul 2015,result-analysis/wipro-q1-nos-unimpressive-not-enough-for-rerating-expert
23 Jul 2015,results-boardroom/see-better-q2-h2fy16-growthtelecom-wipro
23 Jul 2015,stocks-views/hcl-tech-top-betit-space-rahul-arora
23 Jul 2015,wipro-q1-net-slips-37-sees-q2-36-revenue-at-182-185-bn
24 Jul 2015,stocks-views/buy-wipro-can-re-test-rs-670-680-rajat-bose
24 Jul 2015,stocks-views/stay-investedwipro-says-gaurang-shah
29 Jul 2015,announcements/dsm-selects-wipro-to-provide-workplace-services
30 Jul 2015,buy-wipro-targetrs-719-angel-broking
30 Jul 2015,stocks-views/buy-wipro-hexaware-technologies-manoj-murlidharan-
07 Aug 2015,stocks-views/buy-ongc-karnataka-bank-wipro-rahul-mohindar
13 Aug 2015,stocks-views/6-stocks-likely-to-see-lotaction-today
15 Aug 2015,stocks-views/prefer-it-pharma-space-pashupati-advani
19 Aug 2015,stocks-views/buy-wipro-united-breweries-gaurav-bissa
20 Aug 2015,stocks-views/check-out-super-six-stocks-for-august-20
21 Aug 2015,business/india-incs-overseas-investment-dips-32-at-36123-bnjul
27 Aug 2015,stocks-views/infosys-tcs-wipro-good-picks-siddarth-bahmre
28 Aug 2015,stocks-views/buy-cipla-wipro-infosys-like-pnb-bob-rahul-mohindar
31 Aug 2015,stocks-views/top-buzzing-midcap-stocks-to-tradeaugust-31
07 Sep 2015,business/dont-compromiseintegrity-under-any-situation-premji
16 Sep 2015,stocks-views/buy-bpcl-wipro-yes-bank-manish-hathiramani
21 Sep 2015,stocks-views/super-six-trading-stocks-for-short-term-gain
23 Sep 2015,stocks-views/apollo-hospitals-may-move-to-rs-1480-1490-amit-gupta
24 Sep 2015,stocks-views/buy-wipro-infosys-siddarth-bhamre
28 Sep 2015,business/wipro-selected-memberdow-sustainability-index
29 Sep 2015,stocks-views/buy-wipro-target-rs-670-shubham-agarwal
30 Sep 2015,stocks-views/buy-reliance-industries-wipro-glenmark-pharma-sukhani
01 Oct 2015,stocks-views/prefer-tcs-wipro-infosys-mehraboon-irani
05 Oct 2015,announcements/wipro-q2-resultsoct-21-2015
09 Oct 2015,brokerage-results-estimates/expect-infosys-q2-to-be-strong-45-revenue-growth-iifl-
09 Oct 2015,business/wipro-to-provide-35k-books-to-needy-childrenn-america
13 Oct 2015,stocks-views/prefer-tcs-over-infosys-wipro-mehraboon-irani
15 Oct 2015,stocks-views/6-stocks-likely-to-see-lotaction-today
20 Oct 2015,result-poll/wipro-q2-dollar-revenue-seen2-ebitda-margin-may-fall
21 Oct 2015,results-boardroom/clientele-pressure-to-continue-see-pickupq1fy17-wipro
21 Oct 2015,wipro-q2-36-revenue-meets-forecast2-q3-guidance-weak
23 Oct 2015,accumulate-wipro-targetrs-680-prabhudas-lilladher
23 Oct 2015,hold-wipro-targetrs-610-emkay
23 Oct 2015,motilal-oswal-neutralwipro-targetrs-625
26 Oct 2015,business/premji-invest-acquires-minority-stakehygienic-research
27 Oct 2015,business/indian-it-cos-to-benefith-1b-filing-fee-droplaw-firm
27 Oct 2015,buy-wipro-targetrs-680-icici-direct
28 Oct 2015,business/wipro-wins-5-year-it-contractcoop-norge-handel
29 Oct 2015,business/india-lacks-angel-investors-to-fund-start-ups-nasscom
29 Oct 2015,stocks-views/go-longwipro-target-rs-600-sacchitanand-uttekar
03 Nov 2015,stocks-views/expect-tech-mahindra-to-hit-rs-576-like-tcs-wipro-bhamre
05 Nov 2015,stocks-views/buy-tech-mahindra-current-month-futures-manoj-murlidharan
10 Nov 2015,announcements/wipropartnershipapttus
17 Nov 2015,stocks-views/look-at-wipro-hcl-tech-siddarth-bhamre
01 Dec 2015,stocks-views/go-longwipro-target-rs-602-siddarth-bhamre
08 Dec 2015,stocks-views/go-longtata-elxsi-wipro-better-bet-bhavin-desai
08 Dec 2015,stocks-views/go-longtcs-advises-siddarth-bhamre
09 Dec 2015,business/wipro-sets-new-london-centre-to-focusdigital-services
15 Dec 2015,stocks-views/buy-kotak-mahindra-bank-sell-wipro-manas-jaiswal
16 Dec 2015,business/wipro-issues-q3-revenue-warning-over-chennai-floods
16 Dec 2015,stocks-views/buy-tcs-stay-awaywipro-sudarshan-sukhani
21 Dec 2015,business/tata-motors-only-indian-firmtop-50-global-rd-list
22 Dec 2015,motilal-oswal-is-neutralwiprotargetrs-600
23 Dec 2015,business/wipro-to-acquire-bpaas-provider-viteos-group-for-36130-mn
26 Dec 2015,business/royal-enfield-lost-production4000-motorcyclesnov
28 Dec 2015,stocks-views/buy-jubilant-foodworks-cesc-may-test-rs-840-prakash-gaba
30 Dec 2015,business/chennai-rain-seasonality-to-hurt-it-cosq3offshore-insights
19 Jul 2016,brokerage-results-estimates/wipro-q1-net-seen-down-37-to-rs-2153-cr-edelweiss-securities
19 Jul 2016,business/us-market-sluggish-for-wiproh1-2016-says-azim-premji
19 Jul 2016,business/wipro-confidentdoubling-turnover-by-2020-ceo
19 Jul 2016,result-analysis/energy-vertical-pickup-critical-for-wipro-to-regain-growth-pros
19 Jul 2016,results-boardroom/margin-growthacquisitions-to-comeq3-q4-wipro
19 Jul 2016,stocks-views/buy-wipro-at-around-rs-480-500-prakash-gaba
19 Jul 2016,stocks-views/prefer-tcs-over-wipro-sharmila-joshi
19 Jul 2016,wipro-q1-net-falls-8-expects-q2-it-svcs-revenue-growth-001-1
20 Jul 2016,business/brexit-could-delay-some-discretionary-spend-wipro
20 Jul 2016,hold-wipro-targetrs-550-religare
20 Jul 2016,result-analysis/analysts-worriednasscom-says-it-cos-prepared-for-challenges
20 Jul 2016,stocks-views/avoid-it-stocks-prefer-fortis-healthcare-shahina-mukadam
20 Jul 2016,stocks-views/stock-calls-analysts-to-focus-5-largecap-stocks-today
20 Jul 2016,wipro-may-not-see-revenuemargin-growthh2-nirmal-bang
21 Jul 2016,accumulate-wipro-targetrs-600-prabhudas-lilladher
21 Jul 2016,announcements/wipro-updatesoutcomeagm
21 Jul 2016,sell-wipro-targetrs-497-axis-direct
21 Jul 2016,stocks-views/optimisticlogistics-like-aurobindodrl-mayuresh-joshi
22 Jul 2016,hold-wipro-targetrs-560-icici-direct
22 Jul 2016,stocks-views/itugly-duckling-for-nowthis-stock-may-bebargain-cs
27 Jul 2016,announcements/wipro-partnerssouth-africas-industrial-development-corporation
01 Aug 2016,stocks-views/buy-wipro-sell-reliance-industries-mitesh-thakkar
02 Aug 2016,business/uidai-extended-undue-favourrs-492-cr-to-wipro-cag
03 Aug 2016,stocks-views/preference-would-be-infosys-followed-by-hcl-tech-sp-tulsian
08 Aug 2016,result-analysis/prefer-infosys-hcl-tech-wiproitvetcstechm
08 Aug 2016,stocks-views/buy-hcl-techdeclines-like-apollo-hospitals-mitesh-thacker
09 Aug 2016,stocks-views/go-longprivate-banks-short-psu-banks-short-ifci-thacker
17 Aug 2016,business/azim-premji-completes-50-years-as-wipro-leader
17 Aug 2016,stocks-views/buy-cipla-sell-wipro-gail-india-mitesh-thacker
18 Aug 2016,business/wipro-picksminority-stakeisraeli-firm-for-usd-15-mn
18 Aug 2016,stocks-views/buy-lic-housing-mm-fin-nmdc-amara-raja-sell-wipro-thacker
26 Aug 2016,stocks-views/tulsians-taketrident-igl-century-textilesother-stocks
29 Aug 2016,announcements/wipro-stibo-systems-partner-for-master-data-management-solutions
29 Aug 2016,stocks-views/like-amara-raja-wipro-can-slide-to-rs-735-prakash-gaba
30 Aug 2016,stocks-views/heresome-trading-betsmehraboon-irani
03 Sep 2016,stocks-views/avoid-it-space-says-gautam-shah
07 Sep 2016,business/lenskart-raises-fundspremji-invest
07 Sep 2016,business/wipro-alleges-non-paymentdues-by-esic-mulls-legal-option
08 Sep 2016,business/wipro-bags-3-year-it-dealnorways-nsb
09 Sep 2016,stocks-views/buy-sell-or-hold-6-stocks-that-analysts-will-focus-today
20 Oct 2016,business/mukesh-ambanis-wealth-at-36227-bn-equals-estonias-gdp-forbes
20 Oct 2016,business/wipro-acquires-us-based-cloud-services-co-appirio-for-36500-mn
21 Oct 2016,result-analysis/experts-do-not-see-much-downside-for-wipro-going-forward
21 Oct 2016,results-boardroom/strategic-bets-needed-to-meet-3615-bn-sales-aim-by-2020-wipro
21 Oct 2016,stocks-views/buy-sell-hold-11-shinning-gems-for-your-portfolio
21 Oct 2016,stocks-views/buy-wipro-see-levels-closer-to-rs-550-prakash-gaba
21 Oct 2016,stocks-views/investwipro-says-ak-prabhakar
21 Oct 2016,wipro-q2-profit09-q3-dollar-revenue-guidance-disappoints
24 Oct 2016,result-analysis/wipromindtrees-earnings-under-strain-hdfc-securities
24 Oct 2016,stocks-views/buy-sell-hold-12-stocks-to-watch-out-before-diwali-glitters
24 Oct 2016,stocks-views/buy-tcs-infosys-hul-rec-shriram-trans-sell-jspl-sukhani
24 Oct 2016,stocks-views/wipro-erodes-rs-3756-cr-m-cap-post-q2-is-turnaround-far-away
25 Oct 2016,business/indian-it-resilient-well-placed-to-adapt-to-changes-wipro
25 Oct 2016,sell-wipro-targetrs-422-axis-direct
25 Oct 2016,stocks-views/buy-bhel-ntpc-oil-india-sell-wipro-ceat-sudarshan-sukhani
26 Oct 2016,hold-wipro-targetrs-522-kr-choksey
27 Oct 2016,business/wipro-wins-energy-mgt-contractspeciality-restaurants
28 Oct 2016,hold-wipro-targetrs-525-icici-direct
28 Oct 2016,stocks-views/buy-nmdc-ajanta-pharma-sell-wipro-sandeep-wagle-
01 Nov 2016,stocks-views/buy-gujarat-state-fertilizers-britannia-sell-wipro-gujral
02 Nov 2016,accumulate-wipro-targetrs-600-prabhudas-lilladher
03 Nov 2016,business/wipro-appoints-grange-as-regional-headfrance-operations
04 Nov 2016,business/indian-it-industry-can-bounce-back-gopalakrishnan
07 Nov 2016,stocks-views/here-arefew-stock-ideaskunj-bansal
13 Nov 2016,business/tata-mistry-spat-unlikely-to-hit-tcs-operations-analysts
15 Nov 2016,business/nasscom-may-lower-it-export-revenue-growth-forecast-tomorrow
16 Nov 2016,stocks-views/bulls-eye-buy-wipro-mindtree-bankindia-sell-srf-sun-tv
16 Nov 2016,stocks-views/sell-ambuja-cements-nmdc-buy-wipro-sandeep-wagle
17 Nov 2016,stocks-views/buy-hindalco-industries-sell-voltas-wipro-ashwani-gujral
28 Nov 2016,business/fearing-tighter-us-visa-regime-indian-it-firms-rush-to-hire
28 Nov 2016,stocks-views/prefer-it-stocks-says-ashwani-gujral
30 Nov 2016,business/wipro-to-sell-ecoenergy-business-to-chubb-alba-for-usd70-mn
01 Dec 2016,buy-wipro-targetrs-530-icici-direct
12 Dec 2016,stocks-views/buy-wiprodeclines-says-prakash-gaba
14 Dec 2016,stocks-views/buy-axis-bank-wipro-sell-india-cements-ashwani-gujral
15 Dec 2016,business/wipro-decides-to-split-india-west-asia-business
22 Dec 2016,business/deal-street-ma-moves-that-made-waves2016
23 Dec 2016,announcements/wipro-announces-agreementus-securitiesexchange-commission
23 Dec 2016,business/wipro-to-pay-365-mn-to-sec-to-settle-6-yr-old-case
27 Dec 2016,business/as-india-braces-for-trump2017-some-signals-to-watch-out-for
08 Jun 2017,stocks-views/hold-tata-motors-stock-can-head-towards-rs-530-vijay-chopra
09 Jun 2017,business/wipro-lists-trump-as-potential-threat-to-businessus-sec-filing
14 Jun 2017,business/wipro-acquires-26-stakedrivestream
17 Jun 2017,announcements/wipro-allots-bonus-shares
18 Jun 2017,business/wipro-flags-cybersecurity-breaches-as-potential-risk-to-biz
19 Jun 2017,business/how-indian-it-costrying-to-delink-revenue-growthhiring
27 Jun 2017,announcements/wipro39s-agmjuly-19-2017
28 Jun 2017,business/locals-form-over-50-percentworkforceus-says-wipro
29 Jun 2017,business/hired-1600-people6-monthsus-says-wipro
29 Jun 2017,business/us-looking-to-resume-processingpremium-h1-b-as-workload-permits
05 Jul 2017,announcements/wipro-ramot-partner-for-joint-researchemerging-technologies
05 Jul 2017,business/wiproramot-at-tel-aviv-university-tie-up-for-research
05 Jul 2017,stocks-views/buy-wipro-mm-financial-tata-power-sell-apollo-hospitals-bhel-sudarshan-sukhani
07 Jul 2017,announcements/wipro39s-board-meeting-heldjuly-19-20-2017
10 Jul 2017,stocks-views/buy-wipro-coal-india-mitessh-thakkar
12 Jul 2017,business/wipro-shuts-down-lighting-manufacturing-unit-at-mysuru
13 Jul 2017,brokerage-results-estimates/wipro-q1-pat-may-dip-89-qoq-to-rs-20599-cr-edelweiss
20 Jul 2017,business/wipro-meets-street-estimatesguidance-disappoints-5-takeawaysq1-results
20 Jul 2017,result-poll/wipro-to-announce-q1fy18-results-today-8-factors-to-keepeye-on
20 Jul 2017,stocks-views/hold-wipro-may-test-rs-340-350-vijay-chopra
20 Jul 2017,stocks-views/staywipro-says-rajat-bose
20 Jul 2017,wipro-q1-beats-estimatesq2-dollar-revenue-guidance-disappoints-to-buyback-7-equity
21 Jul 2017,brokerage-results-estimates/expect-5-7-upsidewipro-prefer-infosys-tech-mahwiproit-sector-edelweiss
21 Jul 2017,sell-wipro-targetrs-230-dolat-capital
21 Jul 2017,stocks-views/buy-eil-nmdc-deepak-fertiliser-sell-godfrey-phillips-mindtree-mitessh-thakkar
21 Jul 2017,stocks-views/wipro-announced-rs-11000-cr-buyback-offer-should-investors-tender-their-shares
23 Jul 2017,business/wipro-has-invested-heavilydata-ceo-neemuchwala
24 Jul 2017,business/india-inc-pay-gap-ceos-earnto-1200-timesaverage-staff
24 Jul 2017,hold-wipro-ltd-targetrs-285-icici-direct
25 Jul 2017,business/wiprohewlett-packard-enterprise-announce-partnership - - 
02 Aug 2017,business/wipro-investssoftware-testing-company
03 Aug 2017,hold-wipro-targetrs-280-reliance-securities
04 Aug 2017,business/looking-at-both-small-start-up-type-companieslarge-ones-for-acquisition-wipro
08 Aug 2017,announcements/wipro-excelfore-partner-to-offer-secure-connectivity-solutions
10 Aug 2017,stocks-views/buy-tata-motors-says-praksah-diwan
16 Aug 2017,business/heavy-wallets-large-hearts-5-billionaire-philanthropists-whogiving-freely
30 Aug 2017,business/wipro-shareholders-approve-rs-11000-cr-buyback-proposal
31 Aug 2017,stocks-views/buy-wipro-reliance-defence-mitessh-thakkar
31 Aug 2017,stocks-views/buy-wipro-vedanta-ujjivan-financial-services-rishi-kohli
01 Sep 2017,announcements/wipro-updatesbuybackshares
04 Sep 2017,stocks-views/buy-torrent-power-advises-mitessh-thakkar
07 Sep 2017,business/wipro-bags-5-year-dealglobal-steel-maker
15 Sep 2017,announcements/wipro-selected-asstrategic-partner-by-innogy
15 Sep 2017,business/wipro-gets-7-year-data-centre-services-dealinnogy
03 Oct 2017,announcements/wipro39s-board-meeting-heldoctober-16-17-2017
12 Oct 2017,brokerage-results-estimates/wipro-q2-pat-seen04-qoq-to-rs-20846-cr-kotak
17 Oct 2017,result-poll/wipro-q2-dollar-revenue-seen24-ebit-margin-may-be-flat
17 Oct 2017,stocks-views/stay-investedwipro-sandeep-wagle
17 Oct 2017,wipro-q2-profit55-constant-currency-revenue-grows-03-q3-guidance-disappoints
18 Oct 2017,result-analysis/wipro-rises-3-post-q2-results-brokerages-largely-remain-mixed
23 Oct 2017,hold-wipro-targetrs-280-edelweiss
23 Oct 2017,hold-wipro-targetrs-300-icici-direct
07 Nov 2017,stocks-views/buy-wipro-sell-bharat-petroleum-corporation-gaurav-bissa
20 Nov 2017,business/wipro39s-rs-11000-crore-share-buyback-to-beginnovember-29
29 Nov 2017,stocks-views/buy-wipro-nhpc-dish-tv-sell-vedantamitessh-thakkar
07 Dec 2017,business/wipro-to-expand-operationslondon-to-set3rd-office- - 
11 Dec 2017,stocks-views/accumulate-ncc-mitessh-thakkar
20 Dec 2017,stocks-views/buy-wipro-colgate-palmolive-ncc-pvr-mitessh-thakkar
26 Dec 2017,stocks-views/kotak-maintains-reducewipro-valuations-full-even-after-buildingaccelerationgrowth
29 Dec 2017,buy-wipro-targetrs-350-icici-direct
06 Apr 2018,business/wipro-sells-63-stakedelhi-airport-it-services-jv
09 Apr 2018,business/wipro-says-q4-profit-may-be-impacted-by-telco-client39s-insolvency-proceedings
09 Apr 2018,stocks-views/buy-wipro-target-rs-325-sumit-bilgaiyan
10 Apr 2018,business/news-highlights-bjp-mla39s-kin-arrested-sit-probe-orderedunnao-gang-rape-case
25 Apr 2018,business/client-bankruptcies-healthcare-business-drag-down-wipro-q4-forecast-disappoints
25 Apr 2018,business/wipro-q4-profit-down-7-qoq-sees-q1-it-services-revenue-at-362015-2065-mn
25 Apr 2018,result-poll/five-things-to-watch-out-forwipro39s-q4-results-today
26 Apr 2018,sell-wipro-targetrs-260-dolat-capital
26 Apr 2018,stocks-views/bearishwipro-expects-downsidecurrent-levels-akash-jain
27 Apr 2018,buy-wipro-targetrs-315-icici-direct
22 May 2018,stocks-views/buy-or-sell-top-stock-trading-ideas-by-vinay-rajani-prakash-gabarajesh-agarwal
22 May 2018,stocks-views/sell-wipro-target-rs-245-vinay-rajani
28 Jun 2018,business/wipro-completes-divestmentdata-centre-bizgermany-uk
02 Jul 2018,stocks-views/buy-wipro-target-rs-287-shabbir-kayyumi
13 Jul 2018,stocks-views/buy-or-sell-top-stock-trading-ideas-by-market-expertsare-good-short-term-bets
20 Jul 2018,business/wipro-announces-partnershipcloud-based-hr-firm-alight-solutions
20 Jul 2018,business/wipro-bettingdigital-revenues-to-boost-growth-across-segmentsupcoming-quarters
20 Jul 2018,wipro-sees-03-23-growthq2-it-services-revenue-here10-key-takeawaysq1-earnings
24 Jul 2018,hold-wipro-targetrs-300-prabhudas-lilladher
24 Jul 2018,hold-wipro-targetrs-330-edelweiss
26 Jul 2018,hold-wipro-targetrs-320-jm-financial
04 Sep 2018,stocks-views/buy-wipro-target-rs-335-vinay-rajani
05 Sep 2018,stocks-views/buy-wipro-target-rs-332-dinesh-rohira
06 Sep 2018,business/coca-cola-cadilarace-to-acquire-kraft-heinz-india-brands-report
14 Sep 2018,business/centre-callsit-firms-to-detect-fraudayushman-insurance-scheme-report
10 Oct 2018,stocks-views/early-diwali-sale-63top-100-companies-available-at-10-40-discount
15 Oct 2018,business/metoo-nifty-companies-record-616-sexual-harassment-complaintsfy18
19 Oct 2018,stocks-views/buy-wiproa-targetrs-349-rupak-de
22 Oct 2018,stocks-views/buy-wipro-smc-global-securities
23 Oct 2018,result-poll/wipro-to-announce-q2-earningsoctober-24-key-things-to-watch-out-for
24 Oct 2018,wipro-consolidated-september-2018-net-sales-at-rs-1456790-crore-up-853-q-o-q
24 Oct 2018,wipro-reports-10-declineq2-net-profit-names-arundhati-bhattacharya-as-independent-director
24 Oct 2018,wipro-standalone-september-2018-net-sales-at-rs-1200230-crore861-q-o-q
25 Oct 2018,accumulate-wipro-targetrs-350-prabhudas-lilladher
25 Oct 2018,business/weakness-continuessensex-nifty-5-factors-weighingindices
25 Oct 2018,stocks-views/buy-or-sell-top-stock-trading-ideas-by-market-expertsare-good-short-term-bets
26 Oct 2018,buy-wipro-targetrs-360-icici-direct
26 Oct 2018,hold-wipro-targetrs-340-jm-financial
09 Nov 2018,business/wipro-owned-appirio-expands-operationsportugal
10 Dec 2018,stocks-views/buy-wipro-target-rs-355-shabbir-kayyumi
12 Jan 2019,result-poll/wipro-q3-pat-seen26-qoq-to-rs-2438-cr-prabhudas-lilladher
12 Jan 2019,result-poll/wipro-q3-pat-seen26-qoq-to-rs-2438-cr-prabhudas-lilladher
14 Jan 2019,result-poll/wipro-q3-pat-seen36-qoq-to-rs-19568-cr-dolat-capital
18 Jan 2019,business/wipro-announces-13-bonus-share-offer
18 Jan 2019,result-poll/wipro-q3-preview-constant-currency-revenue-growth-expected2-25-range
18 Jan 2019,wipro-consolidated-december-2018-net-sales-at-rs-1505950-crore-up-1017-y-o-y
18 Jan 2019,wipro-q3-it-services-revenue2-announces-13-bonus-issue
18 Jan 2019,wipro-standalone-december-2018-net-sales-at-rs-1213870-crore963-y-o-y
21 Jan 2019,stocks-views/buy-wipro-sumit-bilgaiyan
21 Jan 2019,stocks-views/buy-wipro-target-rs-398-rudra-shares
21 Jan 2019,stocks-views/should-you-buy-sell-or-hold-wipro-stock-post-in-line-q3-show
24 Jan 2019,buy-wipro-targetrs-375-icici-direct
28 Jan 2019,buy-wipro-targetrs-390-sharekhan
28 Jan 2019,stocks-views/podcast-|-stock-picksthe-day-39sell-icici-prudential-graphite-india-as-3-4-downside-expected39
29 Jan 2019,business/transcript|-wipro-limited-q3-fy19-earnings-conference-call
29 Jan 2019,stocks-views/buy-wipro-target-rs-385-vinay-rajani
15 Feb 2019,business/wipro-gets-relaxationsebi-for-buyback-programme
21 Feb 2019,stocks-views/top-buysell-ideas-by-ashwani-gujral-sudarshan-sukhani-mitessh-thakkar-for-short-term
27 Feb 2019,business/wipro-to-sell-workday-cornerstone-on-demand-business-to-alight-forto-36110-mn
04 Mar 2019,business/wipro-partnersrisklens-to-offer-cyber-risk-assessment-services
18 Mar 2019,business/azim-premji39s-charitable-trusts-amongrichestindia
18 Mar 2019,business/wipro-launches-ai-ml-solutions-powered-by-aws
02 Apr 2019,business/wipro39s-workday-cornerstone-on-demand-biz-sale-almost-complete
16 Apr 2019,business/wipro-approves-rs-10500-crore-buyback-at-rs-325share
16 Apr 2019,business/wipro-conducting-forensic-investigation-into-cyberattack-says-coo
16 Apr 2019,result-poll/wipro-q4-pat-may-dip-03-qoq-to-rs-25031-cr-prabhudas-lilladher
16 Apr 2019,result-poll/wipro-q4-pat-seen08-qoq-to-rs-2530-cr-kotak
16 Apr 2019,result-poll/wipro-to-announce-q4-result-today-herekey-things-to-watch-out-for
16 Apr 2019,wipro-consolidated-march-2019-net-sales-at-rs-1516090-crore1011-y-o-y
16 Apr 2019,wipro-q4-profit-dips-1-to-rs-2480-crore-q1fy20-guidance-muted
16 Apr 2019,wipro-standalone-march-2019-net-sales-at-rs-1239580-crore841-y-o-y
17 Apr 2019,business/q4-fy19-result-review-is-wiproideal-defensive-bet-now
17 Apr 2019,hold-wipro-targetrs-247-prabhudas-lilladher
18 Apr 2019,sell-wipro-targetrs-250-hdfc-securities
19 Apr 2019,business/wipro-says-critical-business-operations-unaffected-by-cyber-attack
19 Apr 2019,buy-wipro-targetrs-298-nalanda-securities
19 Apr 2019,buy-wipro-targetrs-315-icici-direct
26 Apr 2019,stocks-views/podcast-|-stock-picksthe-day-nifty-likely-to-tradea-range-11480-crucial-support
10 Jun 2019,business/a-look-at-attributesmade-azim-premji-stand-out-asleader
10 Jun 2019,business/wipro-rolls-out-new-solutions-for-aviation-sector
11 Jun 2019,business/azim-premji39s-pay-package-rose-95-to-36262054fy19-wipro
11 Jun 2019,business/wipro-flags-protectionism-threatglobal-trade-war-as-risk-factors-to-business
13 Jun 2019,business/wipro-setsnew-tech-centreminneapolis-to-add-100-local-jobs
20 Jun 2019,business/benefits-given-to-sezs-should-continue-krishnakumar-natarajan-mindtree
27 Jun 2019,business/wipro-exits-waisl-jv-sells-remaining-11-share-to-antariksh-softtech
27 Jun 2019,business/wipro-splits-rishad-premji’s-role-among-three-executives
08 Jul 2019,result-poll/wipro-q1-pat-may-dip-74-qoq-to-rs-22986-cr-kotak
10 Jul 2019,business/budget-impact-it-biggies-may-have-to-lower-promoter-stake
17 Jul 2019,result-poll/wipro-q1-preview-it-services-dollar-revenue-may-decline-q2-guidance-to-be-05-25
17 Jul 2019,wipro-consolidated-june-2019-net-sales-at-rs-1478600-crore39-y-o-y
17 Jul 2019,wipro-q1-profit-falls-4-margin-beats-estimates-sees-0-2-growthq2-it-services-biz
17 Jul 2019,wipro-standalone-june-2019-net-sales-at-rs-1206130-crore427-y-o-y
18 Jul 2019,business/wipro-–-stock-correctionbuyback-provide-downside-support
18 Jul 2019,buy-wipro-targetrs-315-icici-direct
18 Jul 2019,hold-wipro-targetrs-285-sharekhan
19 Jul 2019,sell-wipro-targetrs-220-hdfc-securities
23 Jul 2019,business/ibm-study-says-average-yearly-costdata-breachindian-companies-close-to-rs-13-crore
30 Mar 2020,a-comparisonthe-2000-tech-bubblefinancial-crisis2008the-2020-coronavirus-crash
01 Apr 2020,business/coronavirus-pandemic-|-wipro-azim-premji-foundation-commit-rs-1125cr
07 Apr 2020,business/wipro-to-announce-q4-resultsapril-15
11 Apr 2020,business/coronavirus-pandemic-|-paytm-collects-rs-100-cr-contributions-for-pm-cares-fund
14 Apr 2020,result-poll/wipro-may-report-0-growthq4-cc-revenuecovid-19-may-force-guidance-fallq1-fy21
15 Apr 2020,business/wipro-to-get-its-new-ceo-by-june-pegs-coronavirus-impact-at-3614-16-millionq4
15 Apr 2020,wipro-q4-profit-falls-5-no-revenue-guidance-for-april-june
15 Apr 2020,wipro-q4-profit-falls-63-yoy-company-avoids-giving-guidance-5-key-takeaways
16 Apr 2020,business/wipro-–-near-term-challenges-galore-valuation-doesn’t-factorthe-worst
18 Apr 2020,business/walmart-flipkart-commit-rs-46-crore-to-support-india39s-covid-19-fight
02 May 2020,business/coronavirus-impact-wipro-starts-benching-employees-as-business-takeshit
05 May 2020,business/here39sworkhome-concept-can-begamechanger-for-women-employeesit-sector
05 May 2020,business/wipro-signs-pactmaharashtra-govt-to-convert-pune-facility-to-450-bed-covid-19-hospital
29 May 2020,business/wipro39s-new-ceo-thierry-delaporte-hasimpressive-cvchallenges-galore-experts
01 Jun 2020,business/isconstant-revolving-door-at-wiproreason-for-its-sluggish-growth
01 Jun 2020,business/wipro-anticipates-lower-gross-marginsshort-term-amid-covid-19-pandemic
02 Jun 2020,buy-wipro-targetrs-250-icici-securities
02 Jun 2020,hold-wipro-targetrs-210-emkay-global-financial
19 Jun 2020,business/wipro39s-new-ceo-thierry-delaporte-to-drawto-rs-379-crore-annual-pay-package
14 Jul 2020,result-poll/wipro-q1-preview-profit-revenue-may-fall-commentarymargin-key-monitorable
14 Jul 2020,wipro-q1-profit-rises-28-it-services-down-53margin-expands
15 Jul 2020,result-analysis/wipro-can-investors-betthe-new-ceo’s-turnaround-plan
15 Jul 2020,wipro-consolidated-june-2020-net-sales-at-rs-1492280-crore093-y-o-y
15 Jul 2020,wipro-standalone-june-2020-net-sales-at-rs-1219290-crore109-y-o-y
16 Jul 2020,business/wipro-charters-flights-to-bring-back-hundredsstaff-kinus
18 Jul 2020,buy-wipro-targetrs-257-prabhudas-lilladher
20 Jul 2020,buy-wipro-targetrs-300-icici-direct
20 Jul 2020,hold-wipro-targetrs-240-emkay-global-financial
20 Jul 2020,neutral-wipro-targetrs-257-motilal-oswal
20 Jul 2020,reduce-wipro-targetrs-230-dolat-capital
21 Jul 2020,business/government-to-it-employees-workhome-till-december-31
21 Jul 2020,business/microsoft-nike-unilever-teamto-combat-global-carbon-emissions
23 Jul 2020,business/wipro-to-launch-5g-edge-services-solutions-suite
28 Jul 2020,business/wipro-selects-google-cloud-to-advance-its-digital-transformation-strategy
15 Aug 2020,business/wipro-completes-acquisition-of brazilian-firm-ivia-serviços
08 Sep 2020,stocks-views/hot-stocks-|-here39swiproasian-paints-arebuy-forshort-term
14 Sep 2020,business/former-wipro-ceo-abidali-neemuchwala-joins-dallas-venture-partners
14 Sep 2020,business/wipro-us-based-processmaker-ink-pact
17 Sep 2020,business/happiest-minds-listing-|-company-should-be-able-to-sustain-its-strong-growthyears-to-come-says-ashok-soota
07 Oct 2020,business/wipro-board-to-consider-buyback-planoctober-13
12 Oct 2020,result-poll/wipro-expected-to-announce-q2-earnings-today-herekey-things-to-watch-for
13 Oct 2020,business/wipro-board-approves-rs-9500-crore-share-buyback
13 Oct 2020,wipro-q2-profit32-guidance-for-q3-it-services-revenue-growth-at-15-35
14 Oct 2020,business/wipro-–-journey-to-catch-uppeers-has-just-begun-buy-for-long-term-rewards
14 Oct 2020,buy-wipro-targetrs-415-prabhudas-lilladher
14 Oct 2020,buy-wipro-targetrs-435-icici-direct
14 Oct 2020,buy-wipro-targetrs-450-sharekhan
14 Oct 2020,hold-wipro-targetrs-360-emkay-global-financial
14 Oct 2020,neutral-wipro-targetrs-385-motilal-oswal
14 Oct 2020,resultsbrokerage-conference-call/wipro-q2-profits32-herehighlightsanalyst-call
14 Oct 2020,sell-wipro-targetrs-320-dolat-capital-market
20 Oct 2020,business/wipro-wins-five-year-contractfortum
02 Nov 2020,buy-wipro-targetrs-586-equity99
10 Nov 2020,business/wipro39s-azim-premji-emerges-as-most-generous-indianfy20
19 Nov 2020,business/wipro-fixes-december-11-as-record-date-for-buyback
05 Dec 2020,buy-wipro-targetrs-450-sharekhan
14 Dec 2020,"business/pandemic""magnifying-glass""-for-structural-inequities-injustices-azim-premji"
18 Dec 2020,business/sc-stays-criminal-proceedings-against-former-wipro-chairman-azim-premjiothers
23 Dec 2020,buy-wipro-targetrs-415-prabhudas-lilladher
29 Dec 2020,stocks-views/wipro-open-its-share-buyback-offer-should-investor-tender-shares-or-hold
13 Jan 2021,business/wipro-hired-14000-peopleq3-robust-hiring-planplace-for-coming-months
13 Jan 2021,result-poll/wipro-q3-preview-revenue-likely-to-meet-growth-guidance-q4-forecast-management-restructuring-eyed
13 Jan 2021,wipro-consolidated-december-2020-net-sales-at-rs-1567000-crore129-y-o-y
13 Jan 2021,wipro-q3-profit-rises-21-yoy-dollar-revenue-growth-highest36-quarters-announces-interim-dividend
13 Jan 2021,wipro-standalone-december-2020-net-sales-at-rs-1259610-crore-down-079-y-o-y
14 Jan 2021,business/wipro-–-a-stellar-show-to-support-secular-re-rating
14 Jan 2021,buy-tata-elxsi-targetrs-2850-sharekhan
14 Jan 2021,buy-wipro-targetrs-493-prabhudas-lilladher
14 Jan 2021,buy-wipro-targetrs-510-sharekhan
14 Jan 2021,hold-wipro-targetrs-420-emkay-global-financial
14 Jan 2021,hold-wipro-targetrs-490-icici-direct
14 Jan 2021,neutral-wipro-targetrs-450-motilal-oswal
14 Jan 2021,resultsbrokerage-conference-call/wipro-q3-profit21-herehighlightsanalyst-call
14 Jan 2021,sell-wipro-targetrs-390-dolat-capital-market
14 Jan 2021,wipro-consolidated-december-2020-net-sales-at-rs-1567000-crore129-y-o-y
17 Jan 2021,business/wipro-completes-rs-9500-crore-buyback-programme
05 Mar 2021,business/wipro’s-bold-bet-–-will-it-markbeginninga-long-term-rerating
05 Mar 2021,buy-wipro-targetrs-474-prabhudas-lilladher
05 Mar 2021,buy-wipro-targetrs-510-sharekhan
05 Mar 2021,hold-wipro-targetrs-450-emkay-global-financial
05 Mar 2021,neutral-wipro-targetrs-450-motilal-oswal
10 Mar 2021,business/pierre-bruno-appointed-as-chief-executive-officerwiproeurope
01 Apr 2021,business/wipro-to-acquire-ampion-for-36117-million
15 Apr 2021,result-poll/wipro-q4-preview-|-healthy-volumes-ramp-updeals-to-boost-revenuemargin-may-contract
15 Apr 2021,wipro-consolidated-march-2021-net-sales-at-rs-1624540-crore314-y-o-y
15 Apr 2021,wipro-q4-results-bestlast-10-years-sees-it-services-revenue-growth-at-2-4q1fy22
15 Apr 2021,wipro-standalone-march-2021-net-sales-at-rs-1326000-crore101-y-o-y
16 Apr 2021,buy-wipro-targetrs-510-sharekhan
17 Apr 2021,neutral-wipro-targetrs-455-motilal-oswal
20 Apr 2021,hold-wipro-targetrs-530-icici-direct
21 Apr 2021,buy-wipro-targetrs-500-prabhudas-lilladher
21 Apr 2021,reduce-wipro-targetrs-430-dolat-capital-market
09 Jun 2021,buy-wipro-targetrs-610-sharekhan
21 Jun 2021,business/industry-growth-to-largely-be-led-by-next-gen-technologies-services-wipro
23 Jun 2021,business/big-fat-corporate-salaries-thierry-delaportewipro-leadspacka-year-battered-by-covid-19
25 Jun 2021,neutral-wipro-targetrs-500-motilal-oswal
06 Jul 2021,business/green-shootswipro-under-thierry-delaporteexecution-is-keycoming-quarters
07 Jul 2021,buy-wipro-targetrs-637-prabhudas-lilladher
15 Jul 2021,result-poll/wipro-q1-preview-numbers-may-be-subdued-qoq-demand-trends-deal-pipeline-to-befocus
15 Jul 2021,wipro-consolidated-june-2021-net-sales-at-rs-1825240-crore2231-y-o-y
15 Jul 2021,wipro-standalone-june-2021-net-sales-at-rs-1399010-crore1474-y-o-y
16 Jul 2021,buy-wipro-targetrs-670-sharekhan
16 Jul 2021,buy-wipro-targetrs-678-prabhudas-lilladher
16 Jul 2021,hold-wipro-targetrs-565-emkay-global-financial
16 Jul 2021,result-analysis/wipro-turnaround-plays-out-acceleration-unfolding
20 Jul 2021,business/wipro-sells-entire-shareholdingintsights-for-361917-million
08 Sep 2021,hold-wipro-targetrs-740-sharekhan
06 Oct 2021,business/sc-extends-staycriminal-proceedings-against-azim-premji-others
13 Oct 2021,result-poll/wipro-q2-preview-|-profit-likely-to-fallrevenue-may-rise-7capco-dealorganic-business
13 Oct 2021,wipro-q2-result-|-profit-falls-96-to-rs-2930-crore-firm-sees-it-services-revenue-growth-at-2-4q3
13 Oct 2021,wipro-to-get-more-employees-to-officejanuary-2022-aims-to-strengthen-teamwork
13 Oct 2021,wipro crosses-3610-billion-annual-revenue-run-rate-adds-11000-peopleq2fy22
14 Oct 2021,business/wipro-–-a-steady-quarter-amid-strong-demand-tight-supply
14 Oct 2021,buy-wipro-targetrs-728-prabhudas-lilladher
14 Oct 2021,hold-wipro-targetrs-750-sharekhan
14 Oct 2021,neutral-wipro-targetrs-710-motilal-oswal
14 Oct 2021,wipro-standalone-september-2021-net-sales-at-rs-1472000-crore2016-y-o-y
18 Oct 2021,accumulate-wipro-targetrs-794-kr-choksey
18 Oct 2021,accumulate-wipro-targetrs-794-kr-choksey
18 Oct 2021,buy-wipro-targetrs-815-icici-direct
18 Oct 2021,wipro-consolidated-september-2021-net-sales-at-rs-1966890-crore3029-y-o-y
18 Oct 2021,wipro-consolidated-september-2021-net-sales-at-rs-1966890-crore3029-y-o-y
22 Nov 2021,buy-wipro-targetrs-728-prabhudas-lilladher
22 Nov 2021,hold-wipro-targetrs-680-emkay-global-financial
22 Nov 2021,neutral-wipro-targetrs-710-motilal-oswal
23 Nov 2021,hold-wipro-targetrs-750-sharekhan
21 Dec 2021,hold-wipro-targetrs-700-emkay-global-financial
21 Dec 2021,hold-wipro-targetrs-700-emkay-global-financial
21 Dec 2021,hold-wipro-targetrs-700-emkay-global-financial
12 Jan 2022,result-poll/wipro-q3-revenue-likely-to-be-at-top-endguidancewage-hike-attrition-may-hit-margin
13 Jan 2022,business/wipro-a-weaker-than-expected-show-further-rerating-to-get-pushed-back
13 Jan 2022,buy-wipro-targetrs-737-prabhudas-lilladher
13 Jan 2022,neutral-wipro-targetrs-720-motilal-oswal
13 Jan 2022,wipro-consolidated-december-2021-net-sales-at-rs-2031500-crore2964-y-o-y
13 Jan 2022,wipro-standalone-december-2021-net-sales-at-rs-1527870-crore213-y-o-y
14 Jan 2022,hold-wipro-targetrs-750-sharekhan
14 Jan 2022,wipro-consolidated-december-2021-net-sales-at-rs-2031500-crore2964-y-o-y
14 Jan 2022,wipro-standalone-december-2021-net-sales-at-rs-1527870-crore213-y-o-y
17 Jan 2022,buy-wipro-targetrs-794kr-choksey
18 Jan 2022,buy-wipro-targetrs-750-icici-direct
18 Jan 2022,buy-wipro-targetrs-750-icici-direct
18 Jan 2022,buy-wipro-targetrs-750-icici-direct
27 Jan 2022,business/wipro-appoints-badrinath-srinivasan-as-southeast-asia-md
27 Jan 2022,business/wipro-appoints-badrinath-srinivasan-as-southeast-asia-md
26 Apr 2022,business/wipro-to-acquire-rizing-for-about-36540-million
26 Apr 2022,business/wipro-to-acquire-rizing-for-about-36540-million
27 Apr 2022,buy-wipro-targetrs-670-emkay-global-financial
30 Apr 2022,hold-wipro-targetrs-580-sharekhan
30 Apr 2022,hold-wipro-targetrs-580-sharekhan
02 May 2022,business/wipro-–-uninspiring-guidance-butundemanding-valuation
02 May 2022,wipro-consolidated-march-2022-net-sales-at-rs-2086070-crore2841-y-o-y
02 May 2022,wipro-consolidated-march-2022-net-sales-at-rs-2086070-crore2841-y-o-y
02 May 2022,wipro-standalone-march-2022-net-sales-at-rs-1558560-crore1754-y-o-y
03 May 2022,buy-wipro-targetrs-602-kr-choksey
03 May 2022,buy-wipro-targetrs-616-prabhudas-lilladher
03 May 2022,buy-wipro-targetrs-630-emkay-global-financial
03 May 2022,hold-wipro-targetrs-575-icici-direct
03 May 2022,hold-wipro-targetrs-575-icici-direct
03 May 2022,neutral-wipro-targetrs-540-motilal-oswal
06 May 2022,business/wipro-hfcl-join-hands-to-develop-5g-product-portfolio
21 Jul 2022,hold-wipro-targetrs-418-prabhudas-lilladher
12 Oct 2022,wipro-q2-result-|-profit-drops-9-to-rs-2659-crore-revenue-climbs-15
13 Oct 2022,accumulate-wipro-targetrs-471-kr-choksey
13 Oct 2022,accumulate-wipro-targetrs-471-kr-choksey
13 Oct 2022,business/wipro-q2-fy23-–-whydeep-correctionstock-is-not-making-us-bullish
13 Oct 2022,buy-wipro-targetrs-460-emkay-global-financial
13 Oct 2022,buy-wipro-targetrs-460-emkay-global-financial
13 Oct 2022,neutral-wipro-targetrs-380-motilal-oswal
13 Oct 2022,neutral-wipro-targetrs-380-motilal-oswal
13 Oct 2022,wipro-standalone-september-2022-net-sales-at-rs-1694180-crore1509-y-o-y
15 Oct 2022,hold-wipro-targetrs-420-icici-direct
15 Oct 2022,hold-wipro-targetrs-420-sharekhan
15 Oct 2022,reduce-wipro-targetrs-373-choice-equity-broking
12 Jan 2023,result-poll/wipro-q3-today-|-revenue-may-jump-14net-profit-to-stay-flat-q4-guidancefocus
16 Jan 2023,business/better-be-cautiouswipro-after-q3-fy23
16 Jan 2023,buy-wipro-targetrs-455-icici-direct
16 Jan 2023,buy-wipro-targetrs-470-emkay-global-financial
16 Jan 2023,hold-wipro-targetrs-420-sharekhan
16 Jan 2023,neutral-wipro-targetrs-380-motilal-oswal
16 Jan 2023,neutral-wipro-targetrs-432-yes-securities
20 Jan 2023,wipro-standalone-december-2022-net-sales-at-rs-1707870-crore1178-y-o-y
25 Jan 2023,wipro-consolidated-december-2022-net-sales-at-rs-2322900-crore1434-y-o-y
27 Apr 2023,wipro-standalone-march-2023-net-sales-at-rs-1747730-crore1214-y-o-y
28 Apr 2023,business/wipro-q4-fy23-–-a-subdued-quarter-somewhat-saved-bylarge-buyback
28 Apr 2023,neutral-wipro-targetrs-360-motilal-oswal
29 Apr 2023,buy-wipro-targetrs-479-kr-choksey
03 May 2023,hold-wipro-targetrs-420-sharekhan
04 May 2023,wipro-consolidated-march-2023-net-sales-at-rs-2319030-crore1117-y-o-y
27 Jun 2023,neutral-wipro-targetrs-360-motilal-oswal
14 Jul 2023,business/wipro-q1-fy24-–-willstock’s-long-underperformance-reverse
14 Jul 2023,hold-wipro-targetrs-400-axis-securities
14 Jul 2023,hold-wipro-targetrs-400-axis-securities
14 Jul 2023,hold-wipro-targetrs-420-sharekhan
14 Jul 2023,hold-wipro-targetrs-432-religare-retail-research
14 Jul 2023,neutral-wipro-targetrs-380-motilal-oswal
19 Jul 2023,wipro-consolidated-june-2023-net-sales-at-rs-2283100-crore605-y-o-y
19 Jul 2023,wipro-standalone-june-2023-net-sales-at-rs-1720280-crore583-y-o-y
19 Oct 2023,business/wipro-q2fy24-weakness-continues
